language,task,duration,energy
C,binary-trees,807,35679231.31
C,binary-trees,304,27703075.99
C,binary-trees,303,27429616.28
C,binary-trees,302,27652621.28
C,binary-trees,304,27419616.28
C,binary-trees,295,27531616.28
C,binary-trees,298,27595921.92
C,binary-trees,304,27366616.28
C,binary-trees,292,27374616.28
C,binary-trees,298,27320779.1
C,binary-trees,296,27348616.28
C,fannkuch-redux,3638,252444769.1
C,fannkuch-redux,3618,256776769.1
C,fannkuch-redux,3616,249121700.72
C,fannkuch-redux,3592,253023343.87
C,fannkuch-redux,3609,249789579.41
C,fannkuch-redux,3643,254050190.69
C,fannkuch-redux,3643,255005621.28
C,fannkuch-redux,3603,252084621.28
C,fannkuch-redux,3635,256545306.64
C,fannkuch-redux,3903,252647616.28
C,fannkuch-redux,3634,255978919.88
C,fasta,759,20813542.9
C,fasta,755,20675616.28
C,fasta,755,20759769.1
C,fasta,1001,22962961.29
C,fasta,753,20686621.28
C,fasta,752,20941963.43
C,fasta,759,20849616.28
C,fasta,757,20729769.1
C,fasta,766,20909579.41
C,fasta,756,20996616.28
C,fasta,753,20816621.28
C,k-nucleotide,1333,77659695.72
C,k-nucleotide,1350,78868579.41
C,k-nucleotide,1319,76905579.41
C,k-nucleotide,1316,75434616.28
C,k-nucleotide,1324,77178657.79
C,k-nucleotide,1310,75991961.45
C,k-nucleotide,1320,75824616.28
C,k-nucleotide,1557,77630616.28
C,k-nucleotide,1316,76669769.1
C,k-nucleotide,1319,75881159.18
C,k-nucleotide,1315,75971579.71
C,reverse-complement,189,4435616.28
C,reverse-complement,179,4358732.23
C,reverse-complement,184,4430769.1
C,reverse-complement,203,4703769.1
C,reverse-complement,181,4205621.28
C,reverse-complement,185,4402616.28
C,reverse-complement,184,4409695.72
C,reverse-complement,193,4581843.54
C,reverse-complement,415,6238813.68
C,reverse-complement,188,4584616.28
C,reverse-complement,185,4384616.28
CSharp,binary-trees,9570,239907538.2
CSharp,binary-trees,9644,250474166.69
CSharp,binary-trees,9562,242502616.28
CSharp,binary-trees,9521,242562616.28
CSharp,binary-trees,9569,244447193.89
CSharp,binary-trees,9560,237319302.3
CSharp,binary-trees,9580,248450275.24
CSharp,binary-trees,9620,240402732.23
CSharp,binary-trees,9623,241952616.28
CSharp,binary-trees,9552,241281926.92
CSharp,binary-trees,9504,242367776.82
CSharp,fannkuch-redux,3299,393673079.74
CSharp,fannkuch-redux,3306,398240843.54
CSharp,fannkuch-redux,3318,393418228.92
CSharp,fannkuch-redux,3321,392786079.74
CSharp,fannkuch-redux,3287,390261775.1
CSharp,fannkuch-redux,3319,394105382.88
CSharp,fannkuch-redux,3293,389893616.28
CSharp,fannkuch-redux,3330,388257504.97
CSharp,fannkuch-redux,3323,390144616.28
CSharp,fannkuch-redux,3300,393155616.28
CSharp,fannkuch-redux,3291,393480621.28
CSharp,fasta,1202,88001621.28
CSharp,fasta,1174,84022616.28
CSharp,fasta,1156,87528925.67
CSharp,fasta,1107,93353621.28
CSharp,fasta,1138,86059227.7
CSharp,fasta,1134,84317037.87
CSharp,fasta,1180,83282159.18
CSharp,fasta,1128,84529621.28
CSharp,fasta,1153,87240100.5
CSharp,fasta,1171,87732616.28
CSharp,fasta,1150,87837232.56
CSharp,k-nucleotide,2132,102617621.28
CSharp,k-nucleotide,2101,102377121.25
CSharp,k-nucleotide,2109,105443616.28
CSharp,k-nucleotide,2126,105466921.92
CSharp,k-nucleotide,2101,101771621.28
CSharp,k-nucleotide,2068,104621616.28
CSharp,k-nucleotide,2102,103402769.1
CSharp,k-nucleotide,2071,102740880.05
CSharp,k-nucleotide,2187,136840486.62
CSharp,k-nucleotide,2112,103998003.15
CSharp,k-nucleotide,2079,102843769.1
CSharp,mandelbrot,812,60976616.28
CSharp,mandelbrot,814,62032767.25
CSharp,mandelbrot,822,62010616.28
CSharp,mandelbrot,814,61238621.28
CSharp,mandelbrot,816,61113616.28
CSharp,mandelbrot,820,61599616.28
CSharp,mandelbrot,814,61546154.18
CSharp,mandelbrot,817,61531621.28
CSharp,mandelbrot,818,61743621.28
CSharp,mandelbrot,818,64249732.23
CSharp,mandelbrot,817,61359616.28
CSharp,n-body,2762,50059380.38
CSharp,n-body,2854,74523769.1
CSharp,n-body,2762,49979579.41
CSharp,n-body,2767,53743616.28
CSharp,n-body,2811,50810916.92
CSharp,n-body,2764,49970616.28
CSharp,n-body,2774,53679812.03
CSharp,n-body,2770,54173657.79
CSharp,n-body,2816,50776916.92
CSharp,n-body,2760,50077621.28
CSharp,n-body,2763,50131036.81
CSharp,reverse-complement,385,9028616.28
CSharp,reverse-complement,376,9160616.28
CSharp,reverse-complement,390,9233843.54
CSharp,reverse-complement,379,9235657.79
CSharp,reverse-complement,389,9277621.28
CSharp,reverse-complement,381,9288616.28
CSharp,reverse-complement,393,8933616.28
CSharp,reverse-complement,381,9000616.28
CSharp,reverse-complement,382,9226232.56
CSharp,reverse-complement,386,9117657.79
CSharp,reverse-complement,388,9133621.28
CSharp,spectral-norm,256,16776621.28
CSharp,spectral-norm,253,16717616.28
CSharp,spectral-norm,260,16753926.92
CSharp,spectral-norm,258,16680890.05
CSharp,spectral-norm,255,16663926.92
CSharp,spectral-norm,258,16709042.87
CSharp,spectral-norm,253,16656616.28
CSharp,spectral-norm,256,17001232.56
CSharp,spectral-norm,254,16714579.41
CSharp,spectral-norm,260,16819305.64
CSharp,spectral-norm,258,16927769.1
Erlang,binary-trees,2750,242447616.28
Erlang,binary-trees,2652,241668542.9
Erlang,binary-trees,2657,248923214.27
Erlang,binary-trees,2704,240648616.28
Erlang,binary-trees,2621,245852428.14
Erlang,binary-trees,2762,246424587.73
Erlang,binary-trees,2675,242556579.41
Erlang,binary-trees,2688,247829695.72
Erlang,binary-trees,2654,246216769.1
Erlang,binary-trees,2710,240911037.87
Erlang,binary-trees,2760,244885916.92
Erlang,fannkuch-redux,28777,2745443751.86
Erlang,fannkuch-redux,29245,2748033387.15
Erlang,fannkuch-redux,28822,2731588926.92
Erlang,fannkuch-redux,29000,2740664164.7
Erlang,fannkuch-redux,28867,2743114621.28
Erlang,fannkuch-redux,29853,2739485426.44
Erlang,fannkuch-redux,29068,2763281727.18
Erlang,fannkuch-redux,28901,2756827621.28
Erlang,fannkuch-redux,28837,2747336079.74
Erlang,fannkuch-redux,28935,2731706739.0
Erlang,fannkuch-redux,28849,2754068917.06
Erlang,fasta,16270,343733695.72
Erlang,fasta,16267,338004579.41
Erlang,fasta,16222,339699074.74
Erlang,fasta,16221,340110959.47
Erlang,fasta,16222,340631772.12
Erlang,fasta,16250,339370616.28
Erlang,fasta,16138,343398541.11
Erlang,fasta,16251,340161270.0
Erlang,fasta,16400,342590616.28
Erlang,fasta,16333,346172916.92
Erlang,fasta,16263,343466896.58
Erlang,k-nucleotide,31270,1682331779.1
Erlang,k-nucleotide,28271,1645680621.28
Erlang,k-nucleotide,27580,1607777813.63
Erlang,k-nucleotide,27730,1663851859.67
Erlang,k-nucleotide,28429,1912486232.56
Erlang,k-nucleotide,27542,1622628840.55
Erlang,k-nucleotide,28311,1630467053.17
Erlang,k-nucleotide,27796,1642445470.12
Erlang,k-nucleotide,28175,1651783996.66
Erlang,k-nucleotide,27994,1667272354.05
Erlang,k-nucleotide,28478,1643624665.57
Erlang,mandelbrot,19418,2567540084.74
Erlang,mandelbrot,19350,2580038769.1
Erlang,mandelbrot,19444,2558273616.28
Erlang,mandelbrot,19210,2542581616.28
Erlang,mandelbrot,19432,2610709380.38
Erlang,mandelbrot,19461,2576939932.67
Erlang,mandelbrot,19164,2543117903.43
Erlang,mandelbrot,19420,2599438079.74
Erlang,mandelbrot,19153,2533138000.3
Erlang,mandelbrot,19437,2569808999.94
Erlang,mandelbrot,19045,2550194732.23
Erlang,n-body,88879,1697254714.04
Erlang,n-body,88977,1699965659.95
Erlang,n-body,88016,1678545973.95
Erlang,n-body,89677,1727673656.22
Erlang,n-body,88032,1678010398.99
Erlang,n-body,88532,1679154336.98
Erlang,n-body,87689,1673214981.24
Erlang,n-body,88426,1684253668.04
Erlang,n-body,87669,1669397895.57
Erlang,n-body,87965,1690354799.65
Erlang,n-body,88962,1695175836.31
Erlang,reverse-complement,2405,112713616.28
Erlang,reverse-complement,2396,115932881.6
Erlang,reverse-complement,2470,116883616.28
Erlang,reverse-complement,2504,118297880.05
Erlang,reverse-complement,2402,116888195.69
Erlang,reverse-complement,2404,113530084.74
Erlang,reverse-complement,2496,119892616.28
Erlang,reverse-complement,2381,113434272.28
Erlang,reverse-complement,2432,115685616.28
Erlang,reverse-complement,2459,114815621.28
Erlang,reverse-complement,2432,117119119.46
Erlang,spectral-norm,5391,664605003.86
Erlang,spectral-norm,5459,666778769.1
Erlang,spectral-norm,5457,664381079.74
Erlang,spectral-norm,5401,664491657.79
Erlang,spectral-norm,5470,663672616.28
Erlang,spectral-norm,5455,667905695.72
Erlang,spectral-norm,5420,673641843.54
Erlang,spectral-norm,5377,666874621.28
Erlang,spectral-norm,5402,664331616.28
Erlang,spectral-norm,5435,667750695.72
Erlang,spectral-norm,5449,664916542.9
FSharp,binary-trees,5610,106784921.92
FSharp,binary-trees,5502,103044732.23
FSharp,binary-trees,5490,101811769.1
FSharp,binary-trees,5507,101714616.28
FSharp,binary-trees,5496,101823616.28
FSharp,binary-trees,5672,103837916.92
FSharp,binary-trees,5507,104299037.87
FSharp,binary-trees,5613,106049769.1
FSharp,binary-trees,5487,105035135.03
FSharp,binary-trees,5505,101372468.46
FSharp,binary-trees,5477,102181265.5
FSharp,fannkuch-redux,3158,347074542.9
FSharp,fannkuch-redux,3163,351143616.28
FSharp,fannkuch-redux,3129,347400616.28
FSharp,fannkuch-redux,3147,347490963.43
FSharp,fannkuch-redux,3157,350636698.27
FSharp,fannkuch-redux,3131,348465739.0
FSharp,fannkuch-redux,3148,348674579.41
FSharp,fannkuch-redux,3182,355949769.1
FSharp,fannkuch-redux,3147,348108616.28
FSharp,fannkuch-redux,3137,347366926.92
FSharp,fannkuch-redux,3124,351665769.1
FSharp,fasta,4017,78281433.25
FSharp,fasta,4034,82039082.59
FSharp,fasta,4036,81328616.28
FSharp,fasta,4004,79871015.85
FSharp,fasta,4016,79333996.36
FSharp,fasta,4022,78197621.28
FSharp,fasta,4026,80713542.9
FSharp,fasta,4022,77708616.28
FSharp,fasta,4021,78327769.1
FSharp,fasta,4021,77945542.9
FSharp,fasta,4020,78152001.36
FSharp,k-nucleotide,4856,213553616.28
FSharp,k-nucleotide,4894,221836616.28
FSharp,k-nucleotide,4821,212171695.72
FSharp,k-nucleotide,4794,217050969.49
FSharp,k-nucleotide,4856,218008542.9
FSharp,k-nucleotide,4743,217973695.72
FSharp,k-nucleotide,4862,218311616.28
FSharp,k-nucleotide,4851,218895621.28
FSharp,k-nucleotide,4964,221484916.92
FSharp,k-nucleotide,4779,218020621.28
FSharp,k-nucleotide,4922,222134116.36
FSharp,mandelbrot,1050,82002542.9
FSharp,mandelbrot,1058,83686385.38
FSharp,mandelbrot,1058,84582058.54
FSharp,mandelbrot,1051,84641149.18
FSharp,mandelbrot,1047,82060616.28
FSharp,mandelbrot,1048,81937616.28
FSharp,mandelbrot,1052,82953079.74
FSharp,mandelbrot,1054,83477385.38
FSharp,mandelbrot,1048,82122890.05
FSharp,mandelbrot,1052,82835621.28
FSharp,mandelbrot,1051,82535621.28
FSharp,n-body,2917,54228380.38
FSharp,n-body,2913,53279468.46
FSharp,n-body,2967,54198265.43
FSharp,n-body,2916,53284272.93
FSharp,n-body,2967,54018769.1
FSharp,n-body,2922,57415004.21
FSharp,n-body,2913,53755695.72
FSharp,n-body,2913,53373616.28
FSharp,n-body,2925,57897695.72
FSharp,n-body,2912,53341616.28
FSharp,n-body,2913,53422084.74
FSharp,reverse-complement,6982,153513616.28
FSharp,reverse-complement,6567,138065621.28
FSharp,reverse-complement,6776,139337616.28
FSharp,reverse-complement,6481,132100616.28
FSharp,reverse-complement,6517,134181470.12
FSharp,reverse-complement,6805,144714769.1
FSharp,reverse-complement,6830,151358621.28
FSharp,reverse-complement,6511,137696769.1
FSharp,reverse-complement,6608,142035116.25
FSharp,reverse-complement,6792,141654769.1
FSharp,reverse-complement,6503,136727769.1
FSharp,spectral-norm,271,17689006.36
FSharp,spectral-norm,271,17850965.93
FSharp,spectral-norm,272,18201987.12
FSharp,spectral-norm,266,18955616.28
FSharp,spectral-norm,284,19330302.0
FSharp,spectral-norm,270,18812616.28
FSharp,spectral-norm,267,17727616.28
FSharp,spectral-norm,272,17803468.46
FSharp,spectral-norm,273,18764616.28
FSharp,spectral-norm,279,18935657.79
FSharp,spectral-norm,273,18690579.41
Fortran,fannkuch-redux,3207,383603926.92
Fortran,fannkuch-redux,3218,388376533.2
Fortran,fannkuch-redux,3208,383141621.28
Fortran,fannkuch-redux,3212,384529963.43
Fortran,fannkuch-redux,3219,384057471.01
Fortran,fannkuch-redux,3185,382626079.74
Fortran,fannkuch-redux,3195,382588316.05
Fortran,fannkuch-redux,3206,382635616.28
Fortran,fannkuch-redux,3196,384231732.23
Fortran,fannkuch-redux,3189,386803769.1
Fortran,fannkuch-redux,3357,382660616.28
Fortran,fasta,2308,41299621.28
Fortran,fasta,2308,40852423.25
Fortran,fasta,2308,41428621.28
Fortran,fasta,2306,46648270.13
Fortran,fasta,2312,40578616.28
Fortran,fasta,2308,40539079.74
Fortran,fasta,2311,40681616.28
Fortran,fasta,2626,60751769.1
Fortran,fasta,2322,44518695.72
Fortran,fasta,2319,41083695.72
Fortran,fasta,2319,42901769.1
Fortran,k-nucleotide,37100,604557747.97
Fortran,k-nucleotide,37494,606254197.65
Fortran,k-nucleotide,37499,603374083.22
Fortran,k-nucleotide,37493,601569625.25
Fortran,k-nucleotide,37190,599806701.02
Fortran,k-nucleotide,37215,601473775.46
Fortran,k-nucleotide,37334,598155696.02
Fortran,k-nucleotide,37237,596675542.9
Fortran,k-nucleotide,37457,593924948.58
Fortran,k-nucleotide,37480,602773131.77
Fortran,k-nucleotide,37359,618750647.41
Fortran,mandelbrot,2085,72059621.28
Fortran,mandelbrot,1780,70293154.18
Fortran,mandelbrot,1778,70616616.28
Fortran,mandelbrot,1778,70336616.28
Fortran,mandelbrot,1791,74381621.28
Fortran,mandelbrot,1774,71771041.01
Fortran,mandelbrot,1788,74351616.28
Fortran,mandelbrot,1777,70844154.48
Fortran,mandelbrot,1784,71512116.25
Fortran,mandelbrot,1774,70735082.24
Fortran,mandelbrot,1775,71237621.28
Fortran,n-body,2666,47417805.61
Fortran,n-body,2641,50752616.28
Fortran,n-body,2672,47547997.91
Fortran,n-body,2635,46918932.03
Fortran,n-body,3207,65984616.28
Fortran,n-body,2635,46943774.1
Fortran,n-body,2632,46615616.28
Fortran,n-body,2635,47123616.28
Fortran,n-body,2633,47072621.28
Fortran,n-body,2633,47028621.28
Fortran,n-body,2634,47061616.28
Fortran,spectral-norm,525,18469621.28
Fortran,spectral-norm,279,17239695.72
Fortran,spectral-norm,278,17117621.28
Fortran,spectral-norm,269,17628616.28
Fortran,spectral-norm,281,17100579.41
Fortran,spectral-norm,273,16932468.46
Fortran,spectral-norm,273,17001159.18
Fortran,spectral-norm,273,17118621.28
Fortran,spectral-norm,278,17253621.28
Fortran,spectral-norm,283,17556648.56
Fortran,spectral-norm,280,17372845.44
Go,binary-trees,5093,466213168.67
Go,binary-trees,5034,467107769.1
Go,binary-trees,4934,466253400.75
Go,binary-trees,5102,462282926.92
Go,binary-trees,5168,460467616.28
Go,binary-trees,5095,472440569.71
Go,binary-trees,5101,457220621.28
Go,binary-trees,5051,460092616.28
Go,binary-trees,5078,467127769.1
Go,binary-trees,5314,464058616.28
Go,binary-trees,5088,464687769.1
Go,fannkuch-redux,4814,254916774.1
Go,fannkuch-redux,5055,266670921.92
Go,fannkuch-redux,4811,256030616.28
Go,fannkuch-redux,4809,262204302.0
Go,fannkuch-redux,4811,255327846.99
Go,fannkuch-redux,4809,255541616.28
Go,fannkuch-redux,4810,255688810.61
Go,fannkuch-redux,4809,259118106.83
Go,fannkuch-redux,4808,258244843.84
Go,fannkuch-redux,4805,259633616.28
Go,fannkuch-redux,4811,257950769.1
Go,fasta,1354,43481769.1
Go,fasta,1565,46196621.28
Go,fasta,1357,43034616.28
Go,fasta,1353,43258695.72
Go,fasta,1355,46138616.28
Go,fasta,1356,42991621.28
Go,fasta,1351,42989616.28
Go,fasta,1297,43706341.01
Go,fasta,1352,43109616.28
Go,fasta,1356,46929963.43
Go,fasta,1355,43070616.28
Go,k-nucleotide,3080,279731769.1
Go,k-nucleotide,3078,279105616.28
Go,k-nucleotide,3015,280796890.05
Go,k-nucleotide,3081,284627848.54
Go,k-nucleotide,3219,300823627.94
Go,k-nucleotide,3060,281249579.41
Go,k-nucleotide,3047,280613922.92
Go,k-nucleotide,3037,282321769.1
Go,k-nucleotide,3041,277927380.38
Go,k-nucleotide,3036,277909616.28
Go,k-nucleotide,3090,288233191.94
Go,mandelbrot,704,55333695.72
Go,mandelbrot,702,55407079.44
Go,mandelbrot,705,55466929.42
Go,mandelbrot,701,54774074.74
Go,mandelbrot,938,56055426.59
Go,mandelbrot,702,54618542.9
Go,mandelbrot,705,55201616.28
Go,mandelbrot,703,56071302.0
Go,mandelbrot,702,55613418.25
Go,mandelbrot,703,54698039.12
Go,mandelbrot,708,55961769.1
Go,n-body,2523,48984616.28
Go,n-body,2773,52332966.64
Go,n-body,2534,52942542.9
Go,n-body,2524,49480159.18
Go,n-body,2574,51967921.92
Go,n-body,2524,49292616.28
Go,n-body,2524,49549621.28
Go,n-body,2525,49476549.56
Go,n-body,2529,51516732.23
Go,n-body,2556,49973732.23
Go,n-body,2524,49056616.28
Go,reverse-complement,227,6040769.1
Go,reverse-complement,478,8599461.07
Go,reverse-complement,224,6093769.1
Go,reverse-complement,227,5966078.49
Go,reverse-complement,223,6183769.1
Go,reverse-complement,229,6007699.47
Go,reverse-complement,228,6059931.92
Go,reverse-complement,222,6006542.9
Go,reverse-complement,222,6084769.1
Go,reverse-complement,225,6171621.28
Go,reverse-complement,224,6034921.92
Go,spectral-norm,320,15700616.28
Go,spectral-norm,570,17531616.28
Go,spectral-norm,322,15713468.46
Go,spectral-norm,320,16034380.38
Go,spectral-norm,320,17555964.85
Go,spectral-norm,319,15603926.92
Go,spectral-norm,320,15836617.94
Go,spectral-norm,323,15883621.28
Go,spectral-norm,320,15807079.74
Go,spectral-norm,321,15790616.28
Go,spectral-norm,322,15979651.65
JRuby,binary-trees,2079,80149542.9
JRuby,binary-trees,1959,78502504.97
JRuby,binary-trees,1937,79937073.05
JRuby,binary-trees,1974,100474805.61
JRuby,binary-trees,2114,88981529.56
JRuby,binary-trees,1954,77650968.43
JRuby,binary-trees,2022,77231616.28
JRuby,binary-trees,2015,77652616.28
JRuby,binary-trees,1925,76018616.28
JRuby,binary-trees,1935,76807234.22
JRuby,binary-trees,1963,78947732.23
JRuby,fannkuch-redux,1559,52645616.28
JRuby,fannkuch-redux,1556,54019423.25
JRuby,fannkuch-redux,1466,52457002.46
JRuby,fannkuch-redux,1544,52699843.54
JRuby,fannkuch-redux,1485,53237051.08
JRuby,fannkuch-redux,1549,51817542.9
JRuby,fannkuch-redux,1482,53290616.28
JRuby,fannkuch-redux,1472,53084621.28
JRuby,fannkuch-redux,1550,55545616.28
JRuby,fannkuch-redux,1555,52916769.1
JRuby,fannkuch-redux,1538,52198583.57
JRuby,fasta,28149,552654198.71
JRuby,fasta,28162,554244769.1
JRuby,fasta,28078,548877073.89
JRuby,fasta,28393,547320281.79
JRuby,fasta,29034,559806920.24
JRuby,fasta,28635,554578276.79
JRuby,fasta,28058,545838616.28
JRuby,fasta,28550,559693079.74
JRuby,fasta,28117,534886252.35
JRuby,fasta,28005,549927536.22
JRuby,fasta,28259,548299616.28
JRuby,k-nucleotide,54471,2201705161.14
JRuby,k-nucleotide,50852,2030242497.8
JRuby,k-nucleotide,51830,2052170815.29
JRuby,k-nucleotide,98855,3364193185.67
JRuby,k-nucleotide,94798,3254873970.83
JRuby,k-nucleotide,86255,3015952125.33
JRuby,k-nucleotide,54522,2141998391.74
JRuby,k-nucleotide,88728,3211289345.39
JRuby,k-nucleotide,87710,3179992187.16
JRuby,k-nucleotide,88849,3041674553.27
JRuby,k-nucleotide,83659,3039354748.07
JRuby,mandelbrot,12589,1303126621.28
JRuby,mandelbrot,13414,1328960285.9
JRuby,mandelbrot,12661,1318729695.72
JRuby,mandelbrot,14515,1326865616.28
JRuby,mandelbrot,12543,1330866174.01
JRuby,mandelbrot,14504,1361976965.63
JRuby,mandelbrot,12816,1313760579.41
JRuby,mandelbrot,13372,1318384898.07
JRuby,mandelbrot,13075,1337385349.01
JRuby,mandelbrot,12521,1305366616.28
JRuby,mandelbrot,12497,1280973504.97
JRuby,n-body,43218,948878701.02
JRuby,n-body,43254,946417277.04
JRuby,n-body,43052,935797326.38
JRuby,n-body,43074,938122543.45
JRuby,n-body,42914,934984620.14
JRuby,n-body,43129,941899473.58
JRuby,n-body,43369,961096554.31
JRuby,n-body,43070,940060579.41
JRuby,n-body,43182,943900233.62
JRuby,n-body,42883,931293579.41
JRuby,n-body,42874,941880392.99
JRuby,reverse-complement,3142,121146616.28
JRuby,reverse-complement,2691,102221858.11
JRuby,reverse-complement,2915,116484470.12
JRuby,reverse-complement,2939,116856818.68
JRuby,reverse-complement,2744,107390769.1
JRuby,reverse-complement,2938,115997579.41
JRuby,reverse-complement,2686,103008159.18
JRuby,reverse-complement,2718,99619932.98
JRuby,reverse-complement,2748,105371616.28
JRuby,reverse-complement,3052,116218616.28
JRuby,reverse-complement,3163,126173533.2
JRuby,spectral-norm,45582,1138699754.89
JRuby,spectral-norm,45128,1137915427.22
JRuby,spectral-norm,45203,1121341042.87
JRuby,spectral-norm,46407,1154908918.88
JRuby,spectral-norm,45321,1149608814.75
JRuby,spectral-norm,45469,1134896398.4
JRuby,spectral-norm,45484,1142871656.65
JRuby,spectral-norm,45767,1147910755.52
JRuby,spectral-norm,45816,1144809122.91
JRuby,spectral-norm,45213,1132063700.42
JRuby,spectral-norm,46042,1145396344.22
Java,binary-trees,1222,69940769.1
Java,binary-trees,1208,69292621.28
Java,binary-trees,1197,71883616.28
Java,binary-trees,1206,68006769.1
Java,binary-trees,1202,68970843.54
Java,binary-trees,1239,70772769.1
Java,binary-trees,1173,68365769.1
Java,binary-trees,1209,69123621.28
Java,binary-trees,1170,67725616.28
Java,binary-trees,1199,67598579.41
Java,binary-trees,1208,70554616.28
Java,fannkuch-redux,2895,324117616.28
Java,fannkuch-redux,2903,325891931.92
Java,fannkuch-redux,2892,327546769.1
Java,fannkuch-redux,2918,329477769.1
Java,fannkuch-redux,2926,329116616.28
Java,fannkuch-redux,2891,324610616.28
Java,fannkuch-redux,2850,326068621.28
Java,fannkuch-redux,2901,323747732.23
Java,fannkuch-redux,2899,332335985.93
Java,fannkuch-redux,2931,332517410.86
Java,fannkuch-redux,2933,326989621.28
Java,fasta,1089,41208579.41
Java,fasta,1094,43608881.49
Java,fasta,1094,43603074.74
Java,fasta,1086,44134657.79
Java,fasta,1090,44981616.28
Java,fasta,1084,44064843.54
Java,fasta,1092,43357579.41
Java,fasta,1089,43477616.28
Java,fasta,1089,41445621.28
Java,fasta,1090,43457701.02
Java,fasta,1096,41589927.98
Java,mandelbrot,737,52419385.38
Java,mandelbrot,748,52643616.28
Java,mandelbrot,740,51976235.06
Java,mandelbrot,747,52309616.28
Java,mandelbrot,740,51738929.42
Java,mandelbrot,739,51686616.28
Java,mandelbrot,741,51702621.28
Java,mandelbrot,752,53163695.72
Java,mandelbrot,752,52894621.28
Java,mandelbrot,716,50960616.28
Java,mandelbrot,757,52966695.72
Java,n-body,2756,50227616.28
Java,n-body,2753,49949323.36
Java,n-body,2756,50324074.74
Java,n-body,2755,50095579.41
Java,n-body,2753,50017890.05
Java,n-body,2755,50415159.18
Java,n-body,2753,50147621.28
Java,n-body,2752,50138544.56
Java,n-body,2816,51024921.92
Java,n-body,2754,50718159.51
Java,n-body,2803,50797843.54
Java,reverse-complement,329,12447657.79
Java,reverse-complement,323,11395616.28
Java,reverse-complement,325,11448769.1
Java,reverse-complement,325,12824079.74
Java,reverse-complement,321,11608769.1
Java,reverse-complement,321,11373621.28
Java,reverse-complement,325,11381235.06
Java,reverse-complement,324,11988774.1
Java,reverse-complement,325,11423616.28
Java,reverse-complement,321,11342848.54
Java,reverse-complement,321,12263616.28
Java,spectral-norm,348,21551269.07
Java,spectral-norm,299,16754538.2
Java,spectral-norm,308,16715695.72
Java,spectral-norm,311,17051434.31
Java,spectral-norm,313,17187542.9
Java,spectral-norm,316,17376732.23
Java,spectral-norm,301,16655121.25
Java,spectral-norm,297,16179616.28
Java,spectral-norm,321,17463621.28
Java,spectral-norm,311,17250077.24
Java,spectral-norm,303,16865769.1
JavaScript,binary-trees,7636,247443616.28
JavaScript,binary-trees,7508,244008616.28
JavaScript,binary-trees,7575,249886996.36
JavaScript,binary-trees,7257,244502542.9
JavaScript,binary-trees,7549,244324622.94
JavaScript,binary-trees,7656,248599616.28
JavaScript,binary-trees,7241,246099621.28
JavaScript,binary-trees,7553,247424621.28
JavaScript,binary-trees,7671,245794618.89
JavaScript,binary-trees,7566,237760001.0
JavaScript,binary-trees,7662,251957550.92
JavaScript,fannkuch-redux,25888,450493348.51
JavaScript,fannkuch-redux,25887,450316203.82
JavaScript,fannkuch-redux,25862,451855006.93
JavaScript,fannkuch-redux,25963,468063616.28
JavaScript,fannkuch-redux,25872,451166621.28
JavaScript,fannkuch-redux,25883,451765616.28
JavaScript,fannkuch-redux,25877,450797616.28
JavaScript,fannkuch-redux,25903,449621238.92
JavaScript,fannkuch-redux,25890,450564616.28
JavaScript,fannkuch-redux,25872,455979363.91
JavaScript,fannkuch-redux,26082,454081835.14
JavaScript,fasta,4031,72386621.28
JavaScript,fasta,4022,72624078.49
JavaScript,fasta,4021,72760079.74
JavaScript,fasta,4039,75983158.47
JavaScript,fasta,4029,74609037.87
JavaScript,fasta,4017,72278579.41
JavaScript,fasta,4030,76657769.1
JavaScript,fasta,4022,72354312.0
JavaScript,fasta,4135,110875317.0
JavaScript,fasta,4023,73227470.12
JavaScript,fasta,4026,71787616.28
JavaScript,k-nucleotide,16588,885931318.66
JavaScript,k-nucleotide,16923,875435072.76
JavaScript,k-nucleotide,18641,898968569.71
JavaScript,k-nucleotide,18768,884814542.9
JavaScript,k-nucleotide,18481,895291098.05
JavaScript,k-nucleotide,17057,888535921.92
JavaScript,k-nucleotide,16630,866101579.41
JavaScript,k-nucleotide,16806,878310695.72
JavaScript,k-nucleotide,19263,876997616.28
JavaScript,k-nucleotide,18597,899351079.74
JavaScript,k-nucleotide,17737,893724769.1
JavaScript,mandelbrot,1361,95118616.28
JavaScript,mandelbrot,1383,95138769.1
JavaScript,mandelbrot,1389,97605769.1
JavaScript,mandelbrot,1390,94812616.28
JavaScript,mandelbrot,1374,95774616.28
JavaScript,mandelbrot,1381,97923921.92
JavaScript,mandelbrot,1364,94474504.97
JavaScript,mandelbrot,1363,95771616.28
JavaScript,mandelbrot,1382,96004621.28
JavaScript,mandelbrot,1370,94647695.72
JavaScript,mandelbrot,1416,99309621.28
JavaScript,n-body,3356,71276616.28
JavaScript,n-body,3360,70334005.41
JavaScript,n-body,3355,66622701.02
JavaScript,n-body,3354,66822732.23
JavaScript,n-body,3349,66833423.25
JavaScript,n-body,3408,67322114.23
JavaScript,n-body,3359,70409616.28
JavaScript,n-body,3426,71566769.1
JavaScript,n-body,3353,70145848.54
JavaScript,n-body,3345,66914621.28
JavaScript,n-body,3364,66871926.92
JavaScript,reverse-complement,1012,20700769.1
JavaScript,reverse-complement,1033,20920695.72
JavaScript,reverse-complement,999,32209231.31
JavaScript,reverse-complement,1008,20468818.68
JavaScript,reverse-complement,1011,20432617.94
JavaScript,reverse-complement,1002,21499769.1
JavaScript,reverse-complement,1010,20361921.92
JavaScript,reverse-complement,1038,22782621.28
JavaScript,reverse-complement,1001,20388621.28
JavaScript,reverse-complement,1021,20474616.28
JavaScript,reverse-complement,1004,21151769.1
JavaScript,spectral-norm,2323,36020769.1
JavaScript,spectral-norm,2331,39609468.46
JavaScript,spectral-norm,2323,36131578.14
JavaScript,spectral-norm,2322,35766921.92
JavaScript,spectral-norm,2324,35742891.71
JavaScript,spectral-norm,2323,35850775.46
JavaScript,spectral-norm,2489,42706425.67
JavaScript,spectral-norm,2322,35817194.33
JavaScript,spectral-norm,2324,35504616.28
JavaScript,spectral-norm,2323,35654157.93
JavaScript,spectral-norm,2360,36291446.48
Lisp,fannkuch-redux,6265,349950732.23
Lisp,fannkuch-redux,6266,348622264.12
Lisp,fannkuch-redux,6264,352023616.28
Lisp,fannkuch-redux,6264,351432616.28
Lisp,fannkuch-redux,6269,346921542.9
Lisp,fannkuch-redux,6265,350619542.9
Lisp,fannkuch-redux,6262,352023616.28
Lisp,fannkuch-redux,6268,353062621.28
Lisp,fannkuch-redux,6266,347679616.28
Lisp,fannkuch-redux,6268,349133996.66
Lisp,fannkuch-redux,6267,348762964.14
Lisp,fasta,3179,59926769.1
Lisp,fasta,3184,55980933.28
Lisp,fasta,3189,58057616.28
Lisp,fasta,3162,55319616.28
Lisp,fasta,3179,55861732.23
Lisp,fasta,3175,58325616.28
Lisp,fasta,3194,60289264.78
Lisp,fasta,3186,55507426.89
Lisp,fasta,3194,56575038.23
Lisp,fasta,3170,56522621.28
Lisp,fasta,3182,59684805.61
Lisp,k-nucleotide,7344,329630616.28
Lisp,k-nucleotide,7318,329686695.72
Lisp,k-nucleotide,7339,332848074.74
Lisp,k-nucleotide,7254,341143616.28
Lisp,k-nucleotide,7329,327832579.41
Lisp,k-nucleotide,7321,330731616.28
Lisp,k-nucleotide,7407,336339769.1
Lisp,k-nucleotide,7371,335678621.28
Lisp,k-nucleotide,7318,332166616.28
Lisp,k-nucleotide,7290,332079616.28
Lisp,k-nucleotide,7452,335757616.28
Lisp,n-body,3061,57370885.41
Lisp,n-body,3065,62802616.28
Lisp,n-body,3012,58550732.23
Lisp,n-body,3011,56653513.29
Lisp,n-body,3051,57566154.18
Lisp,n-body,3039,57229769.1
Lisp,n-body,3063,57609769.1
Lisp,n-body,3015,56946079.74
Lisp,n-body,3011,56968616.28
Lisp,n-body,3012,56512468.46
Lisp,n-body,3067,57629880.05
Lisp,reverse-complement,725,13865616.28
Lisp,reverse-complement,735,13861616.28
Lisp,reverse-complement,728,13668616.28
Lisp,reverse-complement,728,13726621.28
Lisp,reverse-complement,739,13721616.28
Lisp,reverse-complement,731,13935271.74
Lisp,reverse-complement,733,13553616.28
Lisp,reverse-complement,734,13889769.1
Lisp,reverse-complement,727,13926769.1
Lisp,reverse-complement,755,14199661.0
Lisp,reverse-complement,719,13642732.23
Lisp,spectral-norm,463,27725617.64
Lisp,spectral-norm,462,27682616.28
Lisp,spectral-norm,467,28254616.28
Lisp,spectral-norm,463,28384695.72
Lisp,spectral-norm,462,27889616.28
Lisp,spectral-norm,462,27618616.28
Lisp,spectral-norm,467,27659616.28
Lisp,spectral-norm,464,27955015.85
Lisp,spectral-norm,461,27665503.59
Lisp,spectral-norm,462,27602616.28
Lisp,spectral-norm,461,27589579.41
Lua,binary-trees,90918,1817828378.15
Lua,binary-trees,92668,1782282798.17
Lua,binary-trees,90168,1751201636.85
Lua,binary-trees,91063,1761559524.4
Lua,binary-trees,91287,1908866428.89
Lua,binary-trees,90601,1763218021.04
Lua,binary-trees,91947,1781826145.03
Lua,binary-trees,91239,1766618259.66
Lua,binary-trees,91834,1783274973.57
Lua,binary-trees,89567,2284289874.23
Lua,binary-trees,92145,1817140372.1
Lua,fannkuch-redux,466558,9231527678.26
Lua,fannkuch-redux,466641,9224978458.08
Lua,fannkuch-redux,466580,9241371210.67
Lua,fannkuch-redux,466861,9289903377.41
Lua,fannkuch-redux,466662,9244839613.23
Lua,fannkuch-redux,466619,9256405600.48
Lua,fannkuch-redux,466625,9304123825.05
Lua,fannkuch-redux,466563,9257678268.19
Lua,fannkuch-redux,466749,9277342986.53
Lua,fannkuch-redux,466782,9287867272.67
Lua,fannkuch-redux,466579,9229620807.69
Lua,fasta,15169,299321657.79
Lua,fasta,15177,299986967.4
Lua,fasta,15168,299251087.46
Lua,fasta,15203,300070858.95
Lua,fasta,15565,423344769.1
Lua,fasta,15185,297595603.49
Lua,fasta,15183,300319161.14
Lua,fasta,15198,301543922.57
Lua,fasta,15184,298084621.28
Lua,fasta,15213,299318616.28
Lua,fasta,15201,299943695.72
Lua,k-nucleotide,58095,1188155216.32
Lua,k-nucleotide,58765,1203613035.05
Lua,k-nucleotide,58284,1194404979.17
Lua,k-nucleotide,58368,1197897998.32
Lua,k-nucleotide,58013,1184128569.67
Lua,k-nucleotide,58606,1192983710.39
Lua,k-nucleotide,57893,1182043629.0
Lua,k-nucleotide,59333,1213105688.68
Lua,k-nucleotide,58158,1201028224.44
Lua,k-nucleotide,59170,1537360397.04
Lua,k-nucleotide,58399,1218301582.4
Lua,mandelbrot,23402,1717907079.74
Lua,mandelbrot,23330,1711253620.14
Lua,mandelbrot,23337,1704867891.71
Lua,mandelbrot,23328,1705308616.28
Lua,mandelbrot,23411,1735670880.05
Lua,mandelbrot,23325,1709204079.74
Lua,mandelbrot,23349,1712093745.55
Lua,mandelbrot,23377,1708108616.28
Lua,mandelbrot,23326,1705431616.28
Lua,mandelbrot,23340,1712011616.28
Lua,mandelbrot,23389,1730439769.1
Lua,n-body,93104,1915038329.96
Lua,n-body,93074,1921016768.57
Lua,n-body,100224,2034874768.97
Lua,n-body,95849,1985570512.66
Lua,n-body,96445,1971414154.01
Lua,n-body,94982,1944178177.36
Lua,n-body,93108,1918265936.26
Lua,n-body,94675,1939017446.33
Lua,n-body,93039,1927097423.24
Lua,n-body,95766,1967946919.66
Lua,n-body,95855,1960060289.81
Lua,reverse-complement,6544,136099621.28
Lua,reverse-complement,6676,138696769.1
Lua,reverse-complement,6486,135497621.28
Lua,reverse-complement,6611,138100232.56
Lua,reverse-complement,6630,136681616.28
Lua,reverse-complement,6530,134189079.74
Lua,reverse-complement,6481,131796616.28
Lua,reverse-complement,6449,133516310.31
Lua,reverse-complement,6596,138520921.92
Lua,reverse-complement,6569,133874813.68
Lua,reverse-complement,6566,136758769.1
Lua,spectral-norm,55710,1164591504.35
Lua,spectral-norm,55480,1154850240.69
Lua,spectral-norm,55437,1147313785.51
Lua,spectral-norm,55453,1155457828.93
Lua,spectral-norm,55759,1157344641.55
Lua,spectral-norm,56130,1163625880.78
Lua,spectral-norm,55465,1153777770.37
Lua,spectral-norm,56751,1481995665.81
Lua,spectral-norm,55438,1150975320.95
Lua,spectral-norm,56207,1168489232.66
Lua,spectral-norm,55449,1153033969.73
PHP,binary-trees,71671,1443323863.46
PHP,binary-trees,71792,1454065158.56
PHP,binary-trees,71238,1431990894.51
PHP,binary-trees,71381,1439016897.29
PHP,binary-trees,71544,1460125587.48
PHP,binary-trees,71580,1440448998.32
PHP,binary-trees,71684,1451768476.48
PHP,binary-trees,71511,1444514794.26
PHP,binary-trees,71491,1431540559.5
PHP,binary-trees,71522,1455632328.82
PHP,binary-trees,71312,1450425055.52
PHP,fannkuch-redux,203906,7087810238.32
PHP,fannkuch-redux,203987,7110997426.37
PHP,fannkuch-redux,204052,7075857913.65
PHP,fannkuch-redux,203960,7065368373.59
PHP,fannkuch-redux,203971,7091200714.41
PHP,fannkuch-redux,204156,7165610074.9
PHP,fannkuch-redux,205755,7839855414.19
PHP,fannkuch-redux,203967,7118091492.58
PHP,fannkuch-redux,204149,7076173991.27
PHP,fannkuch-redux,203958,7097953225.26
PHP,fannkuch-redux,205161,7352784472.16
PHP,fasta,23814,453502317.0
PHP,fasta,23816,452237621.28
PHP,fasta,23822,456516004.92
PHP,fasta,24160,465517926.92
PHP,fasta,23819,457895695.72
PHP,fasta,24104,461295916.92
PHP,fasta,23955,459532827.3
PHP,fasta,23824,460093584.28
PHP,fasta,23818,453217621.28
PHP,fasta,23830,455962940.27
PHP,fasta,23817,454861504.35
PHP,k-nucleotide,10401,905577779.1
PHP,k-nucleotide,10616,909767616.28
PHP,k-nucleotide,10462,917471769.1
PHP,k-nucleotide,10773,918085621.28
PHP,k-nucleotide,10327,912404968.43
PHP,k-nucleotide,10592,915611077.24
PHP,k-nucleotide,10376,912977022.04
PHP,k-nucleotide,10536,914982774.1
PHP,k-nucleotide,10507,925879880.05
PHP,k-nucleotide,10685,926327621.28
PHP,k-nucleotide,10519,912818890.05
PHP,mandelbrot,73,2027000.0
PHP,mandelbrot,71,1229000.0
PHP,mandelbrot,74,1674000.0
PHP,mandelbrot,82,1415000.0
PHP,mandelbrot,74,1142000.0
PHP,mandelbrot,69,1393000.0
PHP,mandelbrot,74,1179000.0
PHP,mandelbrot,85,1603000.0
PHP,mandelbrot,84,1589000.0
PHP,mandelbrot,86,1653000.0
PHP,mandelbrot,84,1520000.0
PHP,n-body,105900,2143269620.3
PHP,n-body,105757,2168092759.28
PHP,n-body,106097,2152035564.07
PHP,n-body,105833,2163643368.79
PHP,n-body,105875,2167392299.42
PHP,n-body,105652,2196919407.31
PHP,n-body,106096,2176360844.22
PHP,n-body,105852,2175226422.93
PHP,n-body,105814,2141147898.43
PHP,n-body,107027,2409884725.99
PHP,n-body,106432,2168426777.2
PHP,reverse-complement,1141,30810769.1
PHP,reverse-complement,1149,30934769.1
PHP,reverse-complement,1117,33736042.87
PHP,reverse-complement,1127,30165542.9
PHP,reverse-complement,1117,29952579.41
PHP,reverse-complement,1151,30537312.0
PHP,reverse-complement,1108,30207769.1
PHP,reverse-complement,1122,31737616.28
PHP,reverse-complement,1119,30390032.87
PHP,reverse-complement,1119,31499732.23
PHP,reverse-complement,1120,30435769.1
PHP,spectral-norm,66980,1275456647.86
PHP,spectral-norm,66997,1269706209.42
PHP,spectral-norm,78475,1526461950.53
PHP,spectral-norm,67024,1277704708.36
PHP,spectral-norm,66996,1284369082.03
PHP,spectral-norm,66996,1271832702.65
PHP,spectral-norm,67007,1270307574.84
PHP,spectral-norm,66991,1270331420.37
PHP,spectral-norm,66970,1266418328.93
PHP,spectral-norm,67201,1276912252.14
PHP,spectral-norm,66987,1269642666.91
Perl,binary-trees,47236,2972689457.49
Perl,binary-trees,47115,2960124548.78
Perl,binary-trees,46881,2950592229.33
Perl,binary-trees,46964,2973570194.96
Perl,binary-trees,47054,2940384441.05
Perl,binary-trees,46939,2967845201.4
Perl,binary-trees,46953,2954951543.2
Perl,binary-trees,48212,2999318579.19
Perl,binary-trees,46770,2938727897.8
Perl,binary-trees,47042,2961303654.8
Perl,binary-trees,47335,2975628984.35
Perl,fannkuch-redux,76472,10605290326.64
Perl,fannkuch-redux,76774,10633512948.45
Perl,fannkuch-redux,77241,10629052694.45
Perl,fannkuch-redux,76611,10624768478.63
Perl,fannkuch-redux,76817,10634064561.76
Perl,fannkuch-redux,76495,10584246692.41
Perl,fannkuch-redux,77703,10643545829.53
Perl,fannkuch-redux,77231,10700666770.97
Perl,fannkuch-redux,77398,10633157359.17
Perl,fannkuch-redux,76692,10613005713.33
Perl,fannkuch-redux,76554,10613935244.16
Perl,fasta,27522,546594621.28
Perl,fasta,27420,543047616.28
Perl,fasta,27494,545698973.87
Perl,fasta,27488,546768621.28
Perl,fasta,27487,542673579.41
Perl,fasta,27557,547870635.66
Perl,fasta,27436,542599926.32
Perl,fasta,27526,543287122.31
Perl,fasta,27525,546372588.09
Perl,fasta,27463,542602579.41
Perl,fasta,27508,544559616.28
Perl,k-nucleotide,52406,1056569287.09
Perl,k-nucleotide,53873,1076269616.28
Perl,k-nucleotide,53844,1073094629.3
Perl,k-nucleotide,54948,1105966841.74
Perl,k-nucleotide,52914,1061542675.98
Perl,k-nucleotide,52970,1062491984.66
Perl,k-nucleotide,53300,1080508394.1
Perl,k-nucleotide,54153,1082800844.41
Perl,k-nucleotide,52922,1068378699.04
Perl,k-nucleotide,53001,1072572787.88
Perl,k-nucleotide,53799,1077588497.19
Perl,mandelbrot,123088,8215291534.26
Perl,mandelbrot,123305,8088637118.86
Perl,mandelbrot,122950,7889753172.47
Perl,mandelbrot,121305,7829277963.32
Perl,mandelbrot,122703,7918314024.32
Perl,mandelbrot,122462,7853460393.48
Perl,mandelbrot,122057,7833858172.8
Perl,mandelbrot,123467,7918701969.33
Perl,mandelbrot,122108,7918696161.15
Perl,mandelbrot,123478,7924907739.3
Perl,mandelbrot,122343,7876809875.43
Perl,n-body,157093,3544900539.59
Perl,n-body,155556,3160188217.15
Perl,n-body,155803,3150741848.34
Perl,n-body,155619,3157899758.79
Perl,n-body,156147,3163053255.86
Perl,n-body,155292,3146829866.48
Perl,n-body,155411,3151676842.13
Perl,n-body,155512,3142957733.42
Perl,n-body,155833,3213374049.81
Perl,n-body,156008,3148880999.77
Perl,n-body,155471,3161690703.04
Perl,reverse-complement,850,17151843.54
Perl,reverse-complement,850,17013616.28
Perl,reverse-complement,831,16985732.23
Perl,reverse-complement,844,18895926.92
Perl,reverse-complement,856,17071504.97
Perl,reverse-complement,848,20424657.79
Perl,reverse-complement,835,16819616.28
Perl,reverse-complement,851,17113621.28
Perl,reverse-complement,840,16917621.28
Perl,reverse-complement,849,17601616.28
Perl,reverse-complement,846,17470341.59
Perl,spectral-norm,10665,746742616.28
Perl,spectral-norm,10743,746596732.23
Perl,spectral-norm,10732,750355598.08
Perl,spectral-norm,10700,745164853.89
Perl,spectral-norm,10628,739597616.28
Perl,spectral-norm,10628,744114746.39
Perl,spectral-norm,10717,750540841.5
Perl,spectral-norm,10695,746779616.28
Perl,spectral-norm,10694,746229303.3
Perl,spectral-norm,10698,744749424.56
Perl,spectral-norm,10655,742602616.28
Python,binary-trees,10230,1020709616.28
Python,binary-trees,10106,1032403769.1
Python,binary-trees,10087,1015006122.91
Python,binary-trees,10129,1019833695.72
Python,binary-trees,10216,1010571542.9
Python,binary-trees,10053,1025986227.56
Python,binary-trees,10065,1024001701.02
Python,binary-trees,10082,1027788916.92
Python,binary-trees,10337,1046873769.1
Python,binary-trees,10135,1016922199.85
Python,binary-trees,10117,1019810732.23
Python,fannkuch-redux,68526,9414431104.93
Python,fannkuch-redux,69220,9528345488.23
Python,fannkuch-redux,68575,9517721675.3
Python,fannkuch-redux,68899,9502792054.62
Python,fannkuch-redux,68696,9502490287.91
Python,fannkuch-redux,68455,9453599272.82
Python,fannkuch-redux,68312,9462496433.95
Python,fannkuch-redux,68458,9550943430.21
Python,fannkuch-redux,68756,9478199682.39
Python,fannkuch-redux,68748,9468329756.07
Python,fannkuch-redux,68773,9503190839.03
Python,fasta,25222,488821316.05
Python,fasta,25401,494254318.66
Python,fasta,25268,492852616.28
Python,fasta,25232,493436579.41
Python,fasta,25304,489658023.07
Python,fasta,25520,498654621.28
Python,fasta,25248,490498610.6
Python,fasta,25283,496942769.65
Python,fasta,25441,503208769.1
Python,fasta,25241,491725579.41
Python,fasta,25434,495179616.28
Python,k-nucleotide,659,17620616.28
Python,k-nucleotide,655,17353616.28
Python,k-nucleotide,666,17379695.72
Python,k-nucleotide,2886,81156616.23
Python,k-nucleotide,668,17782111.25
Python,k-nucleotide,670,16989542.9
Python,k-nucleotide,664,17233695.72
Python,k-nucleotide,656,17372621.28
Python,k-nucleotide,665,16669542.9
Python,k-nucleotide,658,16449616.28
Python,k-nucleotide,673,21373769.1
Python,mandelbrot,19842,2992428616.28
Python,mandelbrot,19789,2979800616.28
Python,mandelbrot,19726,3013716769.1
Python,mandelbrot,19714,2964257467.97
Python,mandelbrot,19809,2985153931.92
Python,mandelbrot,19837,3031539885.05
Python,mandelbrot,19716,2998173769.1
Python,mandelbrot,19731,2966400579.41
Python,mandelbrot,19707,2982717084.74
Python,mandelbrot,19750,2975871616.28
Python,mandelbrot,19735,2960035579.41
Python,n-body,167834,3361761106.71
Python,n-body,167889,3359705214.32
Python,n-body,168622,3360862141.05
Python,n-body,167878,3346347720.16
Python,n-body,168039,3352209878.33
Python,n-body,168153,3349327722.17
Python,n-body,167872,3354646620.19
Python,n-body,167891,3360427895.82
Python,n-body,168231,3361641252.42
Python,n-body,168391,3398477010.44
Python,n-body,-86231985,3348545097.49
Python,reverse-complement,629,13910657.79
Python,reverse-complement,644,17252794.86
Python,reverse-complement,620,13509579.41
Python,reverse-complement,622,13740542.9
Python,reverse-complement,615,13815621.28
Python,reverse-complement,1038,17620769.1
Python,reverse-complement,610,13645732.23
Python,reverse-complement,619,13600504.97
Python,reverse-complement,624,13683621.28
Python,reverse-complement,621,13556616.28
Python,reverse-complement,626,14069929.42
Python,spectral-norm,48671,3477140586.07
Python,spectral-norm,48627,3471090803.63
Python,spectral-norm,48640,3474505809.99
Python,spectral-norm,48734,3476640455.75
Python,spectral-norm,48658,3480367703.74
Python,spectral-norm,48663,3465212421.84
Python,spectral-norm,48760,3515955934.17
Python,spectral-norm,48669,3490477853.15
Python,spectral-norm,48659,3491075621.28
Python,spectral-norm,48672,3470390425.32
Python,spectral-norm,48640,3481730760.08
Racket,binary-trees,3142,61900152.82
Racket,binary-trees,3129,60590695.72
Racket,binary-trees,3134,59988616.28
Racket,binary-trees,3138,59200468.46
Racket,binary-trees,3146,62155769.1
Racket,binary-trees,3134,59906616.28
Racket,binary-trees,3135,59924074.74
Racket,binary-trees,3123,65404037.87
Racket,binary-trees,3134,59462812.03
Racket,binary-trees,3128,60248232.56
Racket,binary-trees,3154,64429343.51
Racket,fannkuch-redux,10038,736065621.28
Racket,fannkuch-redux,9798,734501818.68
Racket,fannkuch-redux,10188,738391231.64
Racket,fannkuch-redux,9651,737611764.75
Racket,fannkuch-redux,9522,717009583.09
Racket,fannkuch-redux,9961,724582590.56
Racket,fannkuch-redux,9512,737831880.05
Racket,fannkuch-redux,9778,724027468.46
Racket,fannkuch-redux,9260,717974769.1
Racket,fannkuch-redux,9736,728443621.28
Racket,fannkuch-redux,9313,726490880.05
Racket,fasta,5038,93373579.41
Racket,fasta,5156,142373621.28
Racket,fasta,5043,97944389.95
Racket,fasta,5035,93802657.79
Racket,fasta,5038,99112805.61
Racket,fasta,5052,98704616.28
Racket,fasta,5042,97654695.72
Racket,fasta,5043,93345695.72
Racket,fasta,5056,94805302.0
Racket,fasta,5057,97666696.02
Racket,fasta,5041,94538926.92
Racket,k-nucleotide,24441,485338397.04
Racket,k-nucleotide,24325,479649616.28
Racket,k-nucleotide,24432,487931748.76
Racket,k-nucleotide,24636,488543823.63
Racket,k-nucleotide,24610,485640579.41
Racket,k-nucleotide,24623,491572018.78
Racket,k-nucleotide,24519,486870883.07
Racket,k-nucleotide,24470,489304629.18
Racket,k-nucleotide,24490,485426769.1
Racket,k-nucleotide,24254,478971245.58
Racket,k-nucleotide,24520,489655498.4
Racket,mandelbrot,9154,118265579.41
Racket,mandelbrot,9170,134477421.16
Racket,mandelbrot,9145,116887621.28
Racket,mandelbrot,9161,122148695.72
Racket,mandelbrot,9149,118673637.05
Racket,mandelbrot,9150,117519621.28
Racket,mandelbrot,9148,118065627.61
Racket,mandelbrot,9153,121210385.38
Racket,mandelbrot,9157,122620649.86
Racket,mandelbrot,9155,121772207.35
Racket,mandelbrot,9158,117370122.67
Racket,n-body,5059,102772880.05
Racket,n-body,4970,94951504.97
Racket,n-body,4983,101029616.28
Racket,n-body,4988,101453542.9
Racket,n-body,4976,95087579.41
Racket,n-body,4981,101656256.84
Racket,n-body,5001,102492616.28
Racket,n-body,4984,94835159.18
Racket,n-body,5069,95183880.05
Racket,n-body,4974,97841616.28
Racket,n-body,4974,94091427.0
Racket,reverse-complement,1178,23789616.28
Racket,reverse-complement,1197,23386579.41
Racket,reverse-complement,1183,23195621.28
Racket,reverse-complement,1180,22915732.23
Racket,reverse-complement,1179,22985621.28
Racket,reverse-complement,1180,22971621.28
Racket,reverse-complement,1187,22927621.28
Racket,reverse-complement,1179,24297579.41
Racket,reverse-complement,1173,23021621.28
Racket,reverse-complement,1176,22957616.28
Racket,reverse-complement,1177,22826616.28
Racket,spectral-norm,481,36861769.1
Racket,spectral-norm,489,36805880.05
Racket,spectral-norm,492,36381616.28
Racket,spectral-norm,480,36413616.28
Racket,spectral-norm,493,36277468.46
Racket,spectral-norm,489,36870958.43
Racket,spectral-norm,486,36325732.23
Racket,spectral-norm,481,36272542.9
Racket,spectral-norm,489,39624227.56
Racket,spectral-norm,490,36318579.41
Racket,spectral-norm,474,36324616.28
Rust,binary-trees,363,35820769.1
Rust,binary-trees,362,34225079.74
Rust,binary-trees,377,36388616.28
Rust,binary-trees,371,35598579.82
Rust,binary-trees,349,34159542.9
Rust,binary-trees,534,39486244.07
Rust,binary-trees,359,35278450.12
Rust,binary-trees,361,35103185.99
Rust,binary-trees,365,34150815.61
Rust,binary-trees,381,36599579.41
Rust,binary-trees,364,34151732.23
Rust,fannkuch-redux,2563,223749385.38
Rust,fannkuch-redux,2536,221418172.14
Rust,fannkuch-redux,2481,220580468.46
Rust,fannkuch-redux,2862,223930037.87
Rust,fannkuch-redux,2542,221307616.28
Rust,fannkuch-redux,2531,226340616.28
Rust,fannkuch-redux,2565,222201853.84
Rust,fannkuch-redux,2599,226370616.28
Rust,fannkuch-redux,2530,221568616.28
Rust,fannkuch-redux,2581,221235616.28
Rust,fannkuch-redux,2516,222308071.4
Rust,mandelbrot,1938,237205616.28
Rust,mandelbrot,2003,236073616.28
Rust,mandelbrot,2108,237417621.28
Rust,mandelbrot,2007,235981616.28
Rust,mandelbrot,2004,237570079.38
Rust,mandelbrot,2022,241814232.56
Rust,mandelbrot,1929,234624579.41
Rust,mandelbrot,1923,241236106.55
Rust,mandelbrot,1925,235691616.28
Rust,mandelbrot,1948,237125621.28
Rust,mandelbrot,2034,237527466.37
Rust,n-body,1315,19883621.28
Rust,n-body,1313,19818616.28
Rust,n-body,1314,19611616.28
Rust,n-body,1317,19818769.1
Rust,n-body,1314,19779579.41
Rust,n-body,1312,19617616.28
Rust,n-body,1315,19738616.28
Rust,n-body,1315,20044921.92
Rust,n-body,1313,19649616.28
Rust,n-body,1596,21750084.74
Rust,n-body,1312,19603621.28
Rust,reverse-complement,186,3964769.1
Rust,reverse-complement,432,6230812.03
Rust,reverse-complement,190,3907542.9
Rust,reverse-complement,184,3959769.1
Rust,reverse-complement,185,3985695.72
Rust,reverse-complement,193,4399621.28
Rust,reverse-complement,195,4050616.28
Rust,reverse-complement,187,3961769.1
Rust,reverse-complement,184,6404232.56
Rust,reverse-complement,188,3912769.1
Rust,reverse-complement,187,3978774.1
Rust,spectral-norm,370,14466621.28
Rust,spectral-norm,151,14878769.1
Rust,spectral-norm,145,13644579.41
Rust,spectral-norm,143,13537616.28
Rust,spectral-norm,149,13875926.92
Rust,spectral-norm,148,13826079.74
Rust,spectral-norm,143,13634616.28
Rust,spectral-norm,144,13696390.38
Rust,spectral-norm,143,13655616.28
Rust,spectral-norm,144,13718079.74
Rust,spectral-norm,144,13681616.28
TypeScript,binary-trees,7668,250749621.28
TypeScript,binary-trees,7574,250297616.28
TypeScript,binary-trees,7923,255008806.43
TypeScript,binary-trees,7672,251407657.79
TypeScript,binary-trees,7515,246990616.28
TypeScript,binary-trees,7738,251969921.92
TypeScript,binary-trees,7605,250101616.28
TypeScript,binary-trees,7574,254164769.1
TypeScript,binary-trees,7652,249564973.54
TypeScript,binary-trees,7561,253373769.1
TypeScript,binary-trees,7665,252380616.28
TypeScript,fannkuch-redux,38978,667029968.85
TypeScript,fannkuch-redux,38959,667997385.38
TypeScript,fannkuch-redux,38961,664669616.28
TypeScript,fannkuch-redux,38952,661675391.38
TypeScript,fannkuch-redux,39734,877119079.74
TypeScript,fannkuch-redux,38951,658525542.9
TypeScript,fannkuch-redux,38951,662126448.55
TypeScript,fannkuch-redux,38966,666202080.8
TypeScript,fannkuch-redux,38964,663962285.76
TypeScript,fannkuch-redux,38962,674974602.45
TypeScript,fannkuch-redux,38965,666708600.99
TypeScript,fasta,4042,75593579.41
TypeScript,fasta,4044,75384616.28
TypeScript,fasta,4087,76932416.08
TypeScript,fasta,4052,75993571.07
TypeScript,fasta,4067,79377769.1
TypeScript,fasta,4056,79473616.28
TypeScript,fasta,4100,75604843.54
TypeScript,fasta,4054,75823190.69
TypeScript,fasta,4055,78105227.56
TypeScript,fasta,4045,75496470.12
TypeScript,fasta,4047,75823616.28
TypeScript,k-nucleotide,48269,915367755.85
TypeScript,k-nucleotide,48361,921099702.71
TypeScript,k-nucleotide,48864,924506622.07
TypeScript,k-nucleotide,49425,934117866.2
TypeScript,k-nucleotide,48463,925150861.91
TypeScript,k-nucleotide,49293,940139616.28
TypeScript,k-nucleotide,50181,965448064.83
TypeScript,k-nucleotide,48896,920878767.12
TypeScript,k-nucleotide,50276,950462286.66
TypeScript,k-nucleotide,48851,937178744.68
TypeScript,k-nucleotide,49006,934197696.02
TypeScript,mandelbrot,21575,509077732.23
TypeScript,mandelbrot,21753,499201616.28
TypeScript,mandelbrot,21480,500360616.28
TypeScript,mandelbrot,21253,509211865.5
TypeScript,mandelbrot,21698,496748579.41
TypeScript,mandelbrot,22141,698235621.28
TypeScript,mandelbrot,21507,481597177.5
TypeScript,mandelbrot,21385,505455041.25
TypeScript,mandelbrot,21665,509865843.11
TypeScript,mandelbrot,22334,567172696.02
TypeScript,mandelbrot,21871,506584740.25
TypeScript,n-body,22209,466271537.77
TypeScript,n-body,22328,467765695.72
TypeScript,n-body,22195,466278616.28
TypeScript,n-body,22259,505138043.17
TypeScript,n-body,22201,467912648.94
TypeScript,n-body,22218,473073245.47
TypeScript,n-body,22161,465601579.41
TypeScript,n-body,22165,465487616.28
TypeScript,n-body,22231,468716507.59
TypeScript,n-body,22249,470428616.28
TypeScript,n-body,22241,468222579.41
TypeScript,reverse-complement,1008,22191769.1
TypeScript,reverse-complement,1015,20379769.1
TypeScript,reverse-complement,1043,20384852.12
TypeScript,reverse-complement,1032,20229579.41
TypeScript,reverse-complement,1020,20636621.28
TypeScript,reverse-complement,1009,19995616.28
TypeScript,reverse-complement,1000,20319078.49
TypeScript,reverse-complement,1033,20769916.92
TypeScript,reverse-complement,1037,20551542.9
TypeScript,reverse-complement,1018,20576616.28
TypeScript,reverse-complement,981,31540459.82
TypeScript,spectral-norm,5344,65675960.04
TypeScript,spectral-norm,5335,60903956.92
TypeScript,spectral-norm,5325,60540116.25
TypeScript,spectral-norm,5325,60624621.28
TypeScript,spectral-norm,5325,60610077.24
TypeScript,spectral-norm,5334,64766616.28
TypeScript,spectral-norm,5325,60572695.72
TypeScript,spectral-norm,5324,61199769.1
TypeScript,spectral-norm,5327,60236579.41
TypeScript,spectral-norm,5325,60764121.31
TypeScript,spectral-norm,5332,63995616.28
